{
  "assedio_insulto": {
    "precision": 0.9985358711566618,
    "recall": 0.992721979621543,
    "f1-score": 0.9956204379562044,
    "support": 687.0
  },
  "transfobia": {
    "precision": 0.8717948717948718,
    "recall": 0.9714285714285714,
    "f1-score": 0.918918918918919,
    "support": 35.0
  },
  "accuracy": 0.9916897506925207,
  "macro avg": {
    "precision": 0.9351653714757668,
    "recall": 0.9820752755250572,
    "f1-score": 0.9572696784375616,
    "support": 722.0
  },
  "weighted avg": {
    "precision": 0.9923919168939712,
    "recall": 0.9916897506925207,
    "f1-score": 0.9919022202743415,
    "support": 722.0
  }
}